{"loss": [135.4407958984375, 0.22427603602409363, 0.18456752598285675, 0.11461647599935532, 0.08961153030395508, 0.07703588157892227, 0.013424307107925415, 0.00010780480079120025, 1.4410838957701344e-05, 2.5112913704106177e-07, 4.468037673177605e-07, 5.486647864927363e-07, 1.727412097807246e-07, 3.0419295171668637e-07, 4.0407954315924144e-07, 1.9838144282857684e-07, 1.2485801903494576e-07, 1.3923634867296641e-07, 1.8229361842259095e-07, 1.4570969142368995e-07], "accuracy": [0.768750011920929, 0.949999988079071, 0.956250011920929, 1.0, 0.987500011920929, 0.9937499761581421, 1.0, 1.0, 1.0, 1.0, 1.0, 1.0, 1.0, 1.0, 1.0, 1.0, 1.0, 1.0, 1.0, 1.0], "val_loss": [0.11014700680971146, 0.2870837152004242, 0.13992716372013092, 0.15736494958400726, 0.07492486387491226, 0.04072122648358345, 0.0006976921577006578, 1.0765646038635168e-05, 6.083021162339719e-07, 1.2456335696242604e-07, 7.5198522964115e-09, 6.03853152369993e-07, 5.0859455313911894e-08, 7.453820103364706e-07, 3.859018136154191e-07, 3.8785140077379765e-07, 1.3147605670837947e-07, 1.5917866846848483e-07, 1.4679942239581578e-07, 1.5685166943057993e-07], "val_accuracy": [0.9895833134651184, 0.9479166865348816, 1.0, 0.9270833134651184, 1.0, 0.9895833134651184, 1.0, 1.0, 1.0, 1.0, 1.0, 1.0, 1.0, 1.0, 1.0, 1.0, 1.0, 1.0, 1.0, 1.0]}