{"loss": [261.383056640625, 0.3558139204978943, 0.462076336145401, 0.8425741791725159, 0.5466622114181519, 0.32212743163108826, 0.23947466909885406, 0.13749724626541138, 0.14218227565288544, 0.09926345944404602, 0.06847431510686874, 0.058044031262397766, 0.031841740012168884, 0.025780996307730675, 0.0339348241686821, 0.02434704825282097, 0.01029953546822071, 0.010213465429842472, 0.007166032213717699, 0.004802490584552288], "accuracy": [0.5902777910232544, 0.9270833134651184, 0.8715277910232544, 0.9166666865348816, 0.7395833134651184, 0.8715277910232544, 0.8923611044883728, 0.9548611044883728, 0.9479166865348816, 0.9756944179534912, 0.9791666865348816, 0.9826388955116272, 0.9895833134651184, 0.9861111044883728, 0.9930555820465088, 0.9895833134651184, 1.0, 0.9965277910232544, 1.0, 1.0], "val_loss": [0.2728721797466278, 0.10978630930185318, 0.36683404445648193, 0.6954646110534668, 0.3328514099121094, 0.4200044274330139, 0.2080807238817215, 0.17469242215156555, 0.07876549661159515, 0.15333521366119385, 0.08526439964771271, 0.03349734842777252, 0.05506597086787224, 0.028492148965597153, 0.010400189086794853, 0.00362144666723907, 0.04152703285217285, 0.009211970493197441, 0.002729955827817321, 0.002316810190677643], "val_accuracy": [0.90625, 0.9375, 0.953125, 0.703125, 0.84375, 0.78125, 0.890625, 0.953125, 0.984375, 0.921875, 0.96875, 0.984375, 0.984375, 0.984375, 1.0, 1.0, 0.984375, 1.0, 1.0, 1.0]}